{
  "ABIRoot": {
    "kind": "Root",
    "name": "TopLevel",
    "printedName": "TopLevel",
    "children": [
      {
        "kind": "Import",
        "name": "Foundation",
        "printedName": "Foundation",
        "declKind": "Import",
        "moduleName": "BitkubChainSDKKit",
        "declAttributes": [
          "RawDocComment"
        ]
      },
      {
        "kind": "Import",
        "name": "UIKit",
        "printedName": "UIKit",
        "declKind": "Import",
        "moduleName": "BitkubChainSDKKit"
      },
      {
        "kind": "Import",
        "name": "WebKit",
        "printedName": "WebKit",
        "declKind": "Import",
        "moduleName": "BitkubChainSDKKit"
      },
      {
        "kind": "TypeDecl",
        "name": "BitkubChainSDK",
        "printedName": "BitkubChainSDK",
        "children": [
          {
            "kind": "Function",
            "name": "sendCustomTransactionWithToAddress",
            "printedName": "sendCustomTransactionWithToAddress(_:callbackURL:functionReadableABI:result:params:)",
            "children": [
              {
                "kind": "TypeNominal",
                "name": "Int32",
                "printedName": "Swift.Int32",
                "usr": "s:s5Int32V"
              },
              {
                "kind": "TypeNominal",
                "name": "String",
                "printedName": "Swift.String",
                "usr": "s:SS"
              },
              {
                "kind": "TypeNominal",
                "name": "String",
                "printedName": "Swift.String",
                "usr": "s:SS"
              },
              {
                "kind": "TypeNominal",
                "name": "String",
                "printedName": "Swift.String",
                "usr": "s:SS"
              },
              {
                "kind": "TypeNominal",
                "name": "SubmitTransactionResult",
                "printedName": "BitkubChainSDKKit.SubmitTransactionResult",
                "usr": "c:objc(cs)SubmitTransactionResult"
              },
              {
                "kind": "TypeNominal",
                "name": "Array",
                "printedName": "[Swift.CVarArg]",
                "children": [
                  {
                    "kind": "TypeNominal",
                    "name": "CVarArg",
                    "printedName": "Swift.CVarArg",
                    "usr": "s:s7CVarArgP"
                  }
                ],
                "usr": "s:Sa"
              }
            ],
            "declKind": "Func",
            "usr": "s:So14BitkubChainSDKC0aB6SDKKitE34sendCustomTransactionWithToAddress_11callbackURL19functionReadableABI6result6paramss5Int32VSS_S2SSo06SubmitG6ResultCs7CVarArg_pdtF",
            "mangledName": "$sSo14BitkubChainSDKC0aB6SDKKitE34sendCustomTransactionWithToAddress_11callbackURL19functionReadableABI6result6paramss5Int32VSS_S2SSo06SubmitG6ResultCs7CVarArg_pdtF",
            "moduleName": "BitkubChainSDKKit",
            "isFromExtension": true,
            "funcSelfKind": "NonMutating"
          }
        ],
        "declKind": "Class",
        "usr": "c:objc(cs)BitkubChainSDK",
        "moduleName": "BitkubChainSDKKit",
        "isOpen": true,
        "objc_name": "BitkubChainSDK",
        "declAttributes": [
          "ObjC",
          "Dynamic"
        ],
        "superclassUsr": "c:objc(cs)NSObject",
        "isExternal": true,
        "inheritsConvenienceInitializers": true,
        "superclassNames": [
          "ObjectiveC.NSObject"
        ],
        "conformances": [
          {
            "kind": "Conformance",
            "name": "Equatable",
            "printedName": "Equatable",
            "usr": "s:SQ",
            "mangledName": "$sSQ"
          },
          {
            "kind": "Conformance",
            "name": "Hashable",
            "printedName": "Hashable",
            "usr": "s:SH",
            "mangledName": "$sSH"
          },
          {
            "kind": "Conformance",
            "name": "CVarArg",
            "printedName": "CVarArg",
            "usr": "s:s7CVarArgP",
            "mangledName": "$ss7CVarArgP"
          },
          {
            "kind": "Conformance",
            "name": "_KeyValueCodingAndObservingPublishing",
            "printedName": "_KeyValueCodingAndObservingPublishing",
            "usr": "s:10Foundation37_KeyValueCodingAndObservingPublishingP",
            "mangledName": "$s10Foundation37_KeyValueCodingAndObservingPublishingP"
          },
          {
            "kind": "Conformance",
            "name": "_KeyValueCodingAndObserving",
            "printedName": "_KeyValueCodingAndObserving",
            "usr": "s:10Foundation27_KeyValueCodingAndObservingP",
            "mangledName": "$s10Foundation27_KeyValueCodingAndObservingP"
          },
          {
            "kind": "Conformance",
            "name": "CustomStringConvertible",
            "printedName": "CustomStringConvertible",
            "usr": "s:s23CustomStringConvertibleP",
            "mangledName": "$ss23CustomStringConvertibleP"
          },
          {
            "kind": "Conformance",
            "name": "CustomDebugStringConvertible",
            "printedName": "CustomDebugStringConvertible",
            "usr": "s:s28CustomDebugStringConvertibleP",
            "mangledName": "$ss28CustomDebugStringConvertibleP"
          }
        ]
      }
    ],
    "json_format_version": 8
  },
  "ConstValues": [
    {
      "filePath": "\/Users\/mik.visutr\/Documents\/Workspace\/next-sdk\/next-sdk-ios-wrapper\/BitkubChainSDKKit\/BitkubChainSDK-extension.swift",
      "kind": "IntegerLiteral",
      "offset": 225,
      "length": 1,
      "value": "0"
    },
    {
      "filePath": "\/Users\/mik.visutr\/Documents\/Workspace\/next-sdk\/next-sdk-ios-wrapper\/BitkubChainSDKKit\/BitkubChainSDK-extension.swift",
      "kind": "IntegerLiteral",
      "offset": 247,
      "length": 1,
      "value": "1"
    },
    {
      "filePath": "\/Users\/mik.visutr\/Documents\/Workspace\/next-sdk\/next-sdk-ios-wrapper\/BitkubChainSDKKit\/BitkubChainSDK-extension.swift",
      "kind": "IntegerLiteral",
      "offset": 225,
      "length": 1,
      "value": "0"
    },
    {
      "filePath": "\/Users\/mik.visutr\/Documents\/Workspace\/next-sdk\/next-sdk-ios-wrapper\/BitkubChainSDKKit\/BitkubChainSDK-extension.swift",
      "kind": "IntegerLiteral",
      "offset": 247,
      "length": 1,
      "value": "1"
    },
    {
      "filePath": "\/Users\/mik.visutr\/Documents\/Workspace\/next-sdk\/next-sdk-ios-wrapper\/BitkubChainSDKKit\/BitkubChainSDK-extension.swift",
      "kind": "IntegerLiteral",
      "offset": 225,
      "length": 1,
      "value": "0"
    },
    {
      "filePath": "\/Users\/mik.visutr\/Documents\/Workspace\/next-sdk\/next-sdk-ios-wrapper\/BitkubChainSDKKit\/BitkubChainSDK-extension.swift",
      "kind": "IntegerLiteral",
      "offset": 247,
      "length": 1,
      "value": "1"
    },
    {
      "filePath": "\/Users\/mik.visutr\/Documents\/Workspace\/next-sdk\/next-sdk-ios-wrapper\/BitkubChainSDKKit\/BitkubChainSDK-extension.swift",
      "kind": "StringLiteral",
      "offset": 712,
      "length": 20,
      "value": "\"BitkubChainSDKKit.SimpleViewController\""
    }
  ]
}